territory,year,pasture_ha,agriculture_ha,plantation_ha,total_ha
Paraguay,1985,2394456,949247,568,3344271
Paraguay,1986,2489027,972340,626,3461993
Paraguay,1987,2581196,1009957,541,3591695
Paraguay,1988,2641499,1045014,699,3687212
Paraguay,1989,2802523,1095217,815,3898555
Paraguay,1990,2964315,1165792,964,4131072
Paraguay,1991,3127875,1216531,977,4345383
Paraguay,1992,3325467,1258535,1092,4585093
Paraguay,1993,3393397,1301715,1158,4696269
Paraguay,1994,3562277,1343701,1168,4907146
Paraguay,1995,3751707,1386151,1860,5139718
Paraguay,1996,3837403,1480520,2100,5320024
Paraguay,1997,3897956,1549289,3536,5450782
Paraguay,1998,3957517,1612532,4307,5574355
Paraguay,1999,4022643,1732725,2408,5757776
Paraguay,2000,4108144,1927646,6978,6042768
Paraguay,2001,4229780,1975652,8451,6213883
Paraguay,2002,4363653,2009665,9465,6382783
Paraguay,2003,4428713,2204347,13942,6647002
Paraguay,2004,4515385,2349420,10480,6875285
Paraguay,2005,4714446,2436718,12870,7164035
Paraguay,2006,4878922,2508566,16056,7403544
Paraguay,2007,5065578,2502874,15951,7584403
Paraguay,2008,5299637,2563325,19989,7882951
Paraguay,2009,5467459,2633501,19312,8120272
Paraguay,2010,5653908,2671398,19711,8345017
Paraguay,2011,5931626,2773457,26527,8731609
Paraguay,2012,6084793,2846758,24739,8956290
Paraguay,2013,6338326,2962148,28915,9329389
Paraguay,2014,6531164,2970064,32809,9534037
Paraguay,2015,6972736,3117591,38151,10128478
Paraguay,2016,7209425,3232548,38228,10480201
Paraguay,2017,7396078,3259672,40430,10696180
Paraguay,2018,7518645,3340522,45390,10904556
Paraguay,2019,7806547,3382199,49621,11238367
Paraguay,2020,7883552,3551640,52311,11487503
Paraguay,2021,8016227,3806325,59909,11882462
Paraguay,2022,8058155,3907378,69004,12034537
Paraguay,2023,8138549,4141174,92716,12372439
Region Occidental,1985,748847,10064,0,758911
Region Occidental,1986,843875,11321,0,855196
Region Occidental,1987,877545,15350,0,892895
Region Occidental,1988,904670,14830,0,919500
Region Occidental,1989,957253,17845,0,975098
Region Occidental,1990,1011889,15289,0,1027178
Region Occidental,1991,1092710,21703,0,1114412
Region Occidental,1992,1138436,15759,0,1154195
Region Occidental,1993,1168524,14669,0,1183193
Region Occidental,1994,1295432,11538,0,1306969
Region Occidental,1995,1382282,50,0,1382332
Region Occidental,1996,1417128,40,0,1417168
Region Occidental,1997,1457492,41,0,1457533
Region Occidental,1998,1503435,51,0,1503485
Region Occidental,1999,1555236,38,0,1555275
Region Occidental,2000,1679548,40,0,1679587
Region Occidental,2001,1764569,71,0,1764639
Region Occidental,2002,1838030,81,0,1838111
Region Occidental,2003,1966209,75,0,1966283
Region Occidental,2004,2062764,64,0,2062829
Region Occidental,2005,2276893,70,0,2276963
Region Occidental,2006,2422182,78,0,2422260
Region Occidental,2007,2566797,117,0,2566914
Region Occidental,2008,2785799,83,0,2785883
Region Occidental,2009,2991874,110,1,2991984
Region Occidental,2010,3202382,112,2,3202496
Region Occidental,2011,3509766,124,1,3509890
Region Occidental,2012,3689308,69,0,3689376
Region Occidental,2013,3959347,84,0,3959430
Region Occidental,2014,4151285,1085,0,4152370
Region Occidental,2015,4599455,88446,0,4687901
Region Occidental,2016,4864232,144886,0,5009118
Region Occidental,2017,5060554,137072,0,5197626
Region Occidental,2018,5213769,160561,0,5374329
Region Occidental,2019,5526525,165007,0,5691532
Region Occidental,2020,5619076,281304,0,5900380
Region Occidental,2021,5759138,375520,0,6134657
Region Occidental,2022,5855344,383909,0,6239253
Region Occidental,2023,5839409,544729,0,6384138
Region Oriental,1985,1645609,939183,568,2585360
Region Oriental,1986,1645152,961019,626,2606797
Region Oriental,1987,1703651,994608,541,2698800
Region Oriental,1988,1736829,1030185,699,2767712
Region Oriental,1989,1845270,1077372,815,2923457
Region Oriental,1990,1952426,1150503,964,3103894
Region Oriental,1991,2035165,1194828,977,3230971
Region Oriental,1992,2187031,1242775,1092,3430898
Region Oriental,1993,2224873,1287046,1158,3513077
Region Oriental,1994,2266845,1332164,1168,3600177
Region Oriental,1995,2369425,1386100,1860,3757386
Region Oriental,1996,2420275,1480480,2100,3902856
Region Oriental,1997,2440464,1549249,3536,3993249
Region Oriental,1998,2454082,1612481,4307,4070870
Region Oriental,1999,2467406,1732687,2408,4202501
Region Oriental,2000,2428596,1927606,6978,4363180
Region Oriental,2001,2465211,1975582,8451,4449244
Region Oriental,2002,2525623,2009583,9465,4544671
Region Oriental,2003,2462505,2204272,13942,4680719
Region Oriental,2004,2452620,2349356,10480,4812456
Region Oriental,2005,2437553,2436648,12870,4887071
Region Oriental,2006,2456740,2508488,16056,4981284
Region Oriental,2007,2498781,2502757,15951,5017489
Region Oriental,2008,2513837,2563242,19989,5097068
Region Oriental,2009,2475585,2633391,19311,5128287
Region Oriental,2010,2451525,2671286,19709,5142520
Region Oriental,2011,2421860,2773333,26526,5221719
Region Oriental,2012,2395485,2846689,24739,5266913
Region Oriental,2013,2378979,2962064,28915,5369958
Region Oriental,2014,2379879,2968979,32809,5381668
Region Oriental,2015,2373281,3029145,38151,5440577
Region Oriental,2016,2345193,3087662,38228,5471083
Region Oriental,2017,2335524,3122600,40430,5498553
Region Oriental,2018,2304876,3179961,45390,5530227
Region Oriental,2019,2280022,3217192,49621,5546835
Region Oriental,2020,2264476,3270336,52311,5587123
Region Oriental,2021,2257090,3430805,59909,5747804
Region Oriental,2022,2202811,3523469,69004,5795283
Region Oriental,2023,2299140,3596445,92716,5988301
Boqueron,1985,445216,0,0,445216
Boqueron,1986,485943,30,0,485973
Boqueron,1987,497280,23,0,497303
Boqueron,1988,513988,23,0,514011
Boqueron,1989,563433,20,0,563454
Boqueron,1990,609175,23,0,609198
Boqueron,1991,640175,20,0,640195
Boqueron,1992,662998,23,0,663022
Boqueron,1993,697245,25,0,697270
Boqueron,1994,768858,20,0,768878
Boqueron,1995,822831,14,0,822845
Boqueron,1996,824326,18,0,824343
Boqueron,1997,823090,14,0,823104
Boqueron,1998,848489,28,0,848517
Boqueron,1999,869885,18,0,869903
Boqueron,2000,917101,16,0,917118
Boqueron,2001,940874,46,0,940920
Boqueron,2002,990672,41,0,990712
Boqueron,2003,1061300,49,0,1061350
Boqueron,2004,1119519,36,0,1119555
Boqueron,2005,1218320,44,0,1218364
Boqueron,2006,1262309,44,0,1262353
Boqueron,2007,1340938,59,0,1340997
Boqueron,2008,1442880,51,0,1442931
Boqueron,2009,1574220,66,0,1574286
Boqueron,2010,1696213,65,0,1696278
Boqueron,2011,1897459,49,0,1897508
Boqueron,2012,1988037,45,0,1988082
Boqueron,2013,2124406,64,0,2124470
Boqueron,2014,2233775,792,0,2234567
Boqueron,2015,2521452,68583,0,2590034
Boqueron,2016,2647347,103519,0,2750865
Boqueron,2017,2727716,91553,0,2819269
Boqueron,2018,2849542,110496,0,2960038
Boqueron,2019,3078721,120996,0,3199716
Boqueron,2020,3095239,230994,0,3326233
Boqueron,2021,3112354,314768,0,3427122
Boqueron,2022,3167158,315786,0,3482944
Boqueron,2023,3143853,428910,0,3572763
Alto Paraguay,1985,38716,0,0,38716
Alto Paraguay,1986,48685,0,0,48685
Alto Paraguay,1987,47846,0,0,47846
Alto Paraguay,1988,42586,0,0,42586
Alto Paraguay,1989,47009,0,0,47009
Alto Paraguay,1990,54612,0,0,54612
Alto Paraguay,1991,64729,0,0,64729
Alto Paraguay,1992,66701,0,0,66701
Alto Paraguay,1993,68611,0,0,68611
Alto Paraguay,1994,102001,0,0,102001
Alto Paraguay,1995,134154,0,0,134154
Alto Paraguay,1996,159502,0,0,159502
Alto Paraguay,1997,189236,0,0,189236
Alto Paraguay,1998,191985,0,0,191985
Alto Paraguay,1999,210081,0,0,210081
Alto Paraguay,2000,245017,1,0,245018
Alto Paraguay,2001,283189,0,0,283189
Alto Paraguay,2002,313425,0,0,313425
Alto Paraguay,2003,388863,0,0,388863
Alto Paraguay,2004,408867,0,0,408867
Alto Paraguay,2005,450440,0,0,450440
Alto Paraguay,2006,504523,0,0,504523
Alto Paraguay,2007,556651,0,0,556651
Alto Paraguay,2008,598546,0,0,598546
Alto Paraguay,2009,647557,0,0,647557
Alto Paraguay,2010,718941,0,0,718941
Alto Paraguay,2011,841026,0,0,841026
Alto Paraguay,2012,891845,0,0,891845
Alto Paraguay,2013,940491,0,0,940491
Alto Paraguay,2014,1046585,108,0,1046693
Alto Paraguay,2015,1189810,5422,0,1195233
Alto Paraguay,2016,1291212,16645,0,1307857
Alto Paraguay,2017,1378216,17297,0,1395513
Alto Paraguay,2018,1409122,15773,0,1424895
Alto Paraguay,2019,1496868,17765,0,1514633
Alto Paraguay,2020,1522497,20673,0,1543170
Alto Paraguay,2021,1610823,25728,0,1636551
Alto Paraguay,2022,1673581,29220,0,1702801
Alto Paraguay,2023,1702819,72305,0,1775124
Presidente Hayes,1985,264914,10064,0,274978
Presidente Hayes,1986,309248,11290,0,320538
Presidente Hayes,1987,332419,15326,0,347745
Presidente Hayes,1988,348096,14806,0,362903
Presidente Hayes,1989,346811,17824,0,364636
Presidente Hayes,1990,348102,15267,0,363369
Presidente Hayes,1991,387806,21682,0,409488
Presidente Hayes,1992,408736,15736,0,424472
Presidente Hayes,1993,402667,14644,0,417311
Presidente Hayes,1994,424572,11517,0,436090
Presidente Hayes,1995,425297,37,0,425334
Presidente Hayes,1996,433300,22,0,433322
Presidente Hayes,1997,445166,27,0,445193
Presidente Hayes,1998,462960,23,0,462983
Presidente Hayes,1999,475269,20,0,475289
Presidente Hayes,2000,517428,23,0,517451
Presidente Hayes,2001,540505,24,0,540529
Presidente Hayes,2002,533933,40,0,533974
Presidente Hayes,2003,516045,26,0,516071
Presidente Hayes,2004,534377,28,0,534406
Presidente Hayes,2005,608132,26,0,608158
Presidente Hayes,2006,655349,35,0,655384
Presidente Hayes,2007,669207,58,0,669265
Presidente Hayes,2008,744372,32,0,744404
Presidente Hayes,2009,770096,44,1,770141
Presidente Hayes,2010,787228,48,2,787278
Presidente Hayes,2011,771281,74,1,771355
Presidente Hayes,2012,809424,24,0,809448
Presidente Hayes,2013,894449,20,0,894469
Presidente Hayes,2014,870924,185,0,871108
Presidente Hayes,2015,888192,14441,0,902633
Presidente Hayes,2016,925671,24723,0,950394
Presidente Hayes,2017,954620,28223,0,982843
Presidente Hayes,2018,955104,34291,0,989395
Presidente Hayes,2019,950935,26247,0,977182
Presidente Hayes,2020,1001338,29638,0,1030976
Presidente Hayes,2021,1035959,35023,0,1070983
Presidente Hayes,2022,1014605,38902,0,1053507
Presidente Hayes,2023,992736,43515,0,1036250
